{"mapName":"University Campus","mapVersion":"1.0.0","mapData":{"buildings":[{"name":"Library","floors":[{"id":0,"level":0,"floorPlan":"","nids":[4,5,6,7,8]},{"id":1,"level":1,"floorPlan":"","nids":[9,10,11,12]},{"id":2,"level":2,"floorPlan":"","nids":[13,14,15]}]},{"name":"Student Center","floors":[{"id":0,"level":0,"floorPlan":"","nids":[16,17,18,19,20]},{"id":1,"level":1,"floorPlan":"","nids":[21,22,23,24]}]},{"name":"Science Building","floors":[{"id":0,"level":0,"floorPlan":"","nids":[25,26,27,28]},{"id":1,"level":1,"floorPlan":"","nids":[29,30,31,32]},{"id":2,"level":2,"floorPlan":"","nids":[33,34,35,36]},{"id":3,"level":3,"floorPlan":"","nids":[37,38,39,40]}]}],"nodes":[{"id":4,"name":"Library Entrance","buildingName":"Library","fid":0,"x":10,"y":10,"cat":0,"eids":[3,7],"add":null},{"id":5,"name":"Circulation Desk","buildingName":"Library","fid":0,"x":15,"y":15,"cat":2,"eids":[3,4,5,6],"add":null},{"id":6,"name":"Reading Room 1","buildingName":"Library","fid":0,"x":20,"y":20,"cat":2,"eids":[4],"add":null},{"id":7,"name":"Library Stairwell F0","buildingName":"Library","fid":0,"x":25,"y":10,"cat":3,"eids":[5,8],"add":null},{"id":8,"name":"Library to Student Center","buildingName":"Library","fid":0,"x":30,"y":15,"cat":5,"eids":[6,19],"add":null},{"id":9,"name":"Library Stairwell F1","buildingName":"Library","fid":1,"x":25,"y":10,"cat":3,"eids":[8,9,12],"add":null},{"id":10,"name":"Study Area","buildingName":"Library","fid":1,"x":20,"y":15,"cat":2,"eids":[9,10,11],"add":null},{"id":11,"name":"Computer Lab","buildingName":"Library","fid":1,"x":30,"y":15,"cat":2,"eids":[10],"add":null},{"id":12,"name":"Research Room","buildingName":"Library","fid":1,"x":25,"y":20,"cat":2,"eids":[11],"add":null},{"id":13,"name":"Library Stairwell F2","buildingName":"Library","fid":2,"x":25,"y":10,"cat":3,"eids":[12,13],"add":null},{"id":14,"name":"Archives","buildingName":"Library","fid":2,"x":20,"y":15,"cat":2,"eids":[13,14],"add":null},{"id":15,"name":"Special Collections","buildingName":"Library","fid":2,"x":30,"y":20,"cat":2,"eids":[14],"add":null},{"id":16,"name":"Student Center Entrance","buildingName":"Student Center","fid":0,"x":40,"y":15,"cat":0,"eids":[15,16,18],"add":null},{"id":17,"name":"Cafeteria","buildingName":"Student Center","fid":0,"x":45,"y":20,"cat":2,"eids":[15,17],"add":null},{"id":18,"name":"Student Lounge","buildingName":"Student Center","fid":0,"x":50,"y":15,"cat":2,"eids":[16],"add":null},{"id":19,"name":"SC Stairwell F0","buildingName":"Student Center","fid":0,"x":55,"y":10,"cat":3,"eids":[17,20],"add":null},{"id":20,"name":"Walkway to Library","buildingName":"Student Center","fid":0,"x":35,"y":15,"cat":5,"eids":[18,19],"add":null},{"id":21,"name":"SC Stairwell F1","buildingName":"Student Center","fid":1,"x":55,"y":10,"cat":3,"eids":[20,21,23],"add":null},{"id":22,"name":"Meeting Room A","buildingName":"Student Center","fid":1,"x":50,"y":15,"cat":2,"eids":[21,22],"add":null},{"id":23,"name":"Meeting Room B","buildingName":"Student Center","fid":1,"x":50,"y":20,"cat":2,"eids":[22],"add":null},{"id":24,"name":"Office Area","buildingName":"Student Center","fid":1,"x":60,"y":15,"cat":2,"eids":[23],"add":null},{"id":25,"name":"Science Entrance","buildingName":"Science Building","fid":0,"x":70,"y":70,"cat":0,"eids":[24,27],"add":null},{"id":26,"name":"Lab 101","buildingName":"Science Building","fid":0,"x":75,"y":75,"cat":2,"eids":[24,25],"add":null},{"id":27,"name":"Lab 102","buildingName":"Science Building","fid":0,"x":80,"y":75,"cat":2,"eids":[25,26],"add":null},{"id":28,"name":"Science Stairwell F0","buildingName":"Science Building","fid":0,"x":85,"y":70,"cat":3,"eids":[26,28],"add":null},{"id":29,"name":"Science Stairwell F1","buildingName":"Science Building","fid":1,"x":85,"y":70,"cat":3,"eids":[28,29,32],"add":null},{"id":30,"name":"Lab 101","buildingName":"Science Building","fid":1,"x":75,"y":75,"cat":2,"eids":[29,30],"add":null},{"id":31,"name":"Lab 102","buildingName":"Science Building","fid":1,"x":80,"y":75,"cat":2,"eids":[30,31],"add":null},{"id":32,"name":"Faculty Office 1","buildingName":"Science Building","fid":1,"x":90,"y":75,"cat":2,"eids":[31],"add":null},{"id":33,"name":"Science Stairwell F2","buildingName":"Science Building","fid":2,"x":85,"y":70,"cat":3,"eids":[32,33,36],"add":null},{"id":34,"name":"Lab 201","buildingName":"Science Building","fid":2,"x":75,"y":75,"cat":2,"eids":[33,34],"add":null},{"id":35,"name":"Lab 202","buildingName":"Science Building","fid":2,"x":80,"y":75,"cat":2,"eids":[34,35],"add":null},{"id":36,"name":"Faculty Office 2","buildingName":"Science Building","fid":2,"x":90,"y":75,"cat":2,"eids":[35],"add":null},{"id":37,"name":"Science Stairwell F3","buildingName":"Science Building","fid":3,"x":85,"y":70,"cat":3,"eids":[36,37],"add":null},{"id":38,"name":"Lab 301","buildingName":"Science Building","fid":3,"x":75,"y":75,"cat":2,"eids":[37,38],"add":null},{"id":39,"name":"Lab 302","buildingName":"Science Building","fid":3,"x":80,"y":75,"cat":2,"eids":[38,39],"add":null},{"id":40,"name":"Faculty Office 3","buildingName":"Science Building","fid":3,"x":90,"y":75,"cat":2,"eids":[39],"add":null},{"id":0,"name":"Campus Main Entrance","buildingName":"Outside","fid":0,"x":0,"y":0,"cat":0,"eids":[0],"add":null},{"id":1,"name":"Quad Center","buildingName":"Outside","fid":0,"x":50,"y":50,"cat":4,"eids":[0,1,2,7],"add":null},{"id":2,"name":"Parking Lot A","buildingName":"Outside","fid":0,"x":-20,"y":10,"cat":6,"eids":[1],"add":null},{"id":3,"name":"Parking Lot B","buildingName":"Outside","fid":0,"x":100,"y":80,"cat":6,"eids":[2,27],"add":null}],"edges":[{"id":3,"nid1":4,"nid2":5,"dist":7.071068,"add":null},{"id":4,"nid1":5,"nid2":6,"dist":7.071068,"add":null},{"id":5,"nid1":5,"nid2":7,"dist":11.18034,"add":null},{"id":6,"nid1":5,"nid2":8,"dist":15.0,"add":null},{"id":7,"nid1":4,"nid2":1,"dist":1.0,"add":null},{"id":8,"nid1":7,"nid2":9,"dist":1.0,"add":null},{"id":9,"nid1":9,"nid2":10,"dist":7.071068,"add":null},{"id":10,"nid1":10,"nid2":11,"dist":10.0,"add":null},{"id":11,"nid1":10,"nid2":12,"dist":7.071068,"add":null},{"id":12,"nid1":9,"nid2":13,"dist":1.0,"add":null},{"id":13,"nid1":13,"nid2":14,"dist":7.071068,"add":null},{"id":14,"nid1":14,"nid2":15,"dist":11.18034,"add":null},{"id":15,"nid1":16,"nid2":17,"dist":7.071068,"add":null},{"id":16,"nid1":16,"nid2":18,"dist":10.0,"add":null},{"id":17,"nid1":17,"nid2":19,"dist":14.142136,"add":null},{"id":18,"nid1":16,"nid2":20,"dist":5.0,"add":null},{"id":19,"nid1":20,"nid2":8,"dist":1.0,"add":null},{"id":20,"nid1":19,"nid2":21,"dist":1.0,"add":null},{"id":21,"nid1":21,"nid2":22,"dist":7.071068,"add":null},{"id":22,"nid1":22,"nid2":23,"dist":5.0,"add":null},{"id":23,"nid1":21,"nid2":24,"dist":7.071068,"add":null},{"id":24,"nid1":25,"nid2":26,"dist":7.071068,"add":null},{"id":25,"nid1":26,"nid2":27,"dist":5.0,"add":null},{"id":26,"nid1":27,"nid2":28,"dist":7.071068,"add":null},{"id":27,"nid1":25,"nid2":3,"dist":1.0,"add":null},{"id":28,"nid1":28,"nid2":29,"dist":1.0,"add":null},{"id":29,"nid1":29,"nid2":30,"dist":11.18034,"add":null},{"id":30,"nid1":30,"nid2":31,"dist":5.0,"add":null},{"id":31,"nid1":31,"nid2":32,"dist":10.0,"add":null},{"id":32,"nid1":29,"nid2":33,"dist":1.0,"add":null},{"id":33,"nid1":33,"nid2":34,"dist":11.18034,"add":null},{"id":34,"nid1":34,"nid2":35,"dist":5.0,"add":null},{"id":35,"nid1":35,"nid2":36,"dist":10.0,"add":null},{"id":36,"nid1":33,"nid2":37,"dist":1.0,"add":null},{"id":37,"nid1":37,"nid2":38,"dist":11.18034,"add":null},{"id":38,"nid1":38,"nid2":39,"dist":5.0,"add":null},{"id":39,"nid1":39,"nid2":40,"dist":10.0,"add":null},{"id":0,"nid1":0,"nid2":1,"dist":70.71068,"add":null},{"id":1,"nid1":1,"nid2":2,"dist":80.622574,"add":null},{"id":2,"nid1":1,"nid2":3,"dist":58.30952,"add":null}],"categories":[{"name":"Entrance"},{"name":"Exit"},{"name":"Room"},{"name":"Staircase"},{"name":"Hallway"},{"name":"Walkway"},{"name":"Parking"}]}}