{"mapName":"Metro Shopping Mall","mapVersion":"3.0.2","mapData":{"buildings":[{"name":"Main Mall","floors":[{"id":0,"level":1,"floorPlan":"./pexels-urmiejpg-10910751.jpg","nids":[6,7,8,9,10,11,12,13,14]},{"id":1,"level":2,"floorPlan":"","nids":[15,16,17,18,19,20,21,22,23]},{"id":2,"level":3,"floorPlan":"","nids":[24,25,26,27,28,29]}]},{"name":"Food Court Wing","floors":[{"id":0,"level":1,"floorPlan":"","nids":[30,31,32,33,34,35,36]},{"id":1,"level":2,"floorPlan":"","nids":[37,38,39,40]}]},{"name":"Entertainment Wing","floors":[{"id":0,"level":1,"floorPlan":"","nids":[41,42,43,44]},{"id":1,"level":2,"floorPlan":"","nids":[45,46,47]},{"id":2,"level":3,"floorPlan":"","nids":[48,49,50,51]}]}],"nodes":[{"id":6,"name":"Main Entrance","buildingName":"Main Mall","fid":0,"x":5,"y":0,"cat":0,"eids":[5,13],"add":null},{"id":7,"name":"Central Court F1","buildingName":"Main Mall","fid":0,"x":10,"y":10,"cat":4,"eids":[6,7,8,11],"add":null},{"id":8,"name":"North Corridor F1","buildingName":"Main Mall","fid":0,"x":10,"y":0,"cat":4,"eids":[5,6,9],"add":null},{"id":9,"name":"South Corridor F1","buildingName":"Main Mall","fid":0,"x":10,"y":20,"cat":4,"eids":[7,10,12],"add":null},{"id":10,"name":"Store 101","buildingName":"Main Mall","fid":0,"x":5,"y":10,"cat":2,"eids":[8],"add":null},{"id":11,"name":"Store 102","buildingName":"Main Mall","fid":0,"x":15,"y":5,"cat":2,"eids":[9],"add":null},{"id":12,"name":"Store 103","buildingName":"Main Mall","fid":0,"x":15,"y":15,"cat":2,"eids":[10],"add":null},{"id":13,"name":"Central Escalator F1","buildingName":"Main Mall","fid":0,"x":10,"y":10,"cat":3,"eids":[11,14],"add":null},{"id":14,"name":"To Food Court F1","buildingName":"Main Mall","fid":0,"x":10,"y":25,"cat":5,"eids":[12,35],"add":null},{"id":15,"name":"Central Court F2","buildingName":"Main Mall","fid":1,"x":10,"y":10,"cat":4,"eids":[15,16,17,22],"add":null},{"id":16,"name":"Central Escalator F2","buildingName":"Main Mall","fid":1,"x":10,"y":10,"cat":3,"eids":[14,22,23],"add":null},{"id":17,"name":"North Corridor F2","buildingName":"Main Mall","fid":1,"x":10,"y":0,"cat":4,"eids":[15,18],"add":null},{"id":18,"name":"South Corridor F2","buildingName":"Main Mall","fid":1,"x":10,"y":20,"cat":4,"eids":[16,19,20,21],"add":null},{"id":19,"name":"Store 201","buildingName":"Main Mall","fid":1,"x":5,"y":10,"cat":2,"eids":[17],"add":null},{"id":20,"name":"Store 202","buildingName":"Main Mall","fid":1,"x":15,"y":5,"cat":2,"eids":[18],"add":null},{"id":21,"name":"Store 203","buildingName":"Main Mall","fid":1,"x":15,"y":15,"cat":2,"eids":[19],"add":null},{"id":22,"name":"Store 204","buildingName":"Main Mall","fid":1,"x":5,"y":20,"cat":2,"eids":[20],"add":null},{"id":23,"name":"To Food Court F2","buildingName":"Main Mall","fid":1,"x":10,"y":25,"cat":5,"eids":[21,41],"add":null},{"id":24,"name":"Central Court F3","buildingName":"Main Mall","fid":2,"x":10,"y":10,"cat":4,"eids":[24,25,26,27,28],"add":null},{"id":25,"name":"Central Escalator F3","buildingName":"Main Mall","fid":2,"x":10,"y":10,"cat":3,"eids":[23,27],"add":null},{"id":26,"name":"Store 301","buildingName":"Main Mall","fid":2,"x":5,"y":10,"cat":2,"eids":[24],"add":null},{"id":27,"name":"Store 302","buildingName":"Main Mall","fid":2,"x":15,"y":10,"cat":2,"eids":[25],"add":null},{"id":28,"name":"Cinema Complex","buildingName":"Main Mall","fid":2,"x":10,"y":20,"cat":2,"eids":[26],"add":null},{"id":29,"name":"To Entertainment Wing F3","buildingName":"Main Mall","fid":2,"x":20,"y":10,"cat":5,"eids":[28,53],"add":null},{"id":30,"name":"From Main Mall F1","buildingName":"Food Court Wing","fid":0,"x":20,"y":25,"cat":5,"eids":[29,35],"add":null},{"id":31,"name":"Food Court Seating","buildingName":"Food Court Wing","fid":0,"x":25,"y":30,"cat":2,"eids":[29,30,31,32,33,34],"add":null},{"id":32,"name":"Restaurant 1","buildingName":"Food Court Wing","fid":0,"x":20,"y":35,"cat":2,"eids":[30],"add":null},{"id":33,"name":"Restaurant 2","buildingName":"Food Court Wing","fid":0,"x":25,"y":35,"cat":2,"eids":[31],"add":null},{"id":34,"name":"Restaurant 3","buildingName":"Food Court Wing","fid":0,"x":30,"y":35,"cat":2,"eids":[32],"add":null},{"id":35,"name":"Food Court Escalator F1","buildingName":"Food Court Wing","fid":0,"x":25,"y":25,"cat":3,"eids":[33,37],"add":null},{"id":36,"name":"Patio Exit","buildingName":"Food Court Wing","fid":0,"x":25,"y":40,"cat":1,"eids":[34,36],"add":null},{"id":37,"name":"From Main Mall F2","buildingName":"Food Court Wing","fid":1,"x":20,"y":25,"cat":5,"eids":[38,41],"add":null},{"id":38,"name":"Food Court Escalator F2","buildingName":"Food Court Wing","fid":1,"x":25,"y":25,"cat":3,"eids":[37,38,39,40],"add":null},{"id":39,"name":"Restaurant 4","buildingName":"Food Court Wing","fid":1,"x":25,"y":30,"cat":2,"eids":[39],"add":null},{"id":40,"name":"Bar & Lounge","buildingName":"Food Court Wing","fid":1,"x":30,"y":30,"cat":2,"eids":[40],"add":null},{"id":41,"name":"Entertainment Entrance","buildingName":"Entertainment Wing","fid":0,"x":35,"y":5,"cat":0,"eids":[42,44,45],"add":null},{"id":42,"name":"Arcade","buildingName":"Entertainment Wing","fid":0,"x":40,"y":10,"cat":2,"eids":[42,43],"add":null},{"id":43,"name":"Bowling Alley","buildingName":"Entertainment Wing","fid":0,"x":45,"y":10,"cat":2,"eids":[43],"add":null},{"id":44,"name":"Entertainment Escalator F1","buildingName":"Entertainment Wing","fid":0,"x":40,"y":5,"cat":3,"eids":[44,46],"add":null},{"id":45,"name":"Entertainment Escalator F2","buildingName":"Entertainment Wing","fid":1,"x":40,"y":5,"cat":3,"eids":[46,47,49],"add":null},{"id":46,"name":"VR Zone","buildingName":"Entertainment Wing","fid":1,"x":40,"y":10,"cat":2,"eids":[47,48],"add":null},{"id":47,"name":"Karaoke Rooms","buildingName":"Entertainment Wing","fid":1,"x":45,"y":10,"cat":2,"eids":[48],"add":null},{"id":48,"name":"Entertainment Escalator F3","buildingName":"Entertainment Wing","fid":2,"x":40,"y":5,"cat":3,"eids":[49,50,51],"add":null},{"id":49,"name":"From Main Mall F3","buildingName":"Entertainment Wing","fid":2,"x":30,"y":10,"cat":5,"eids":[50,53],"add":null},{"id":50,"name":"Game Center","buildingName":"Entertainment Wing","fid":2,"x":40,"y":10,"cat":2,"eids":[51,52],"add":null},{"id":51,"name":"Kids Play Area","buildingName":"Entertainment Wing","fid":2,"x":45,"y":10,"cat":2,"eids":[52],"add":null},{"id":0,"name":"Main Plaza","buildingName":"Outside","fid":0,"x":0,"y":0,"cat":7,"eids":[0,1,2,3,13],"add":null},{"id":1,"name":"North Entrance","buildingName":"Outside","fid":0,"x":0,"y":-10,"cat":0,"eids":[0],"add":null},{"id":2,"name":"South Entrance","buildingName":"Outside","fid":0,"x":0,"y":50,"cat":0,"eids":[1,4],"add":null},{"id":3,"name":"East Parking","buildingName":"Outside","fid":0,"x":50,"y":0,"cat":6,"eids":[2,45],"add":null},{"id":4,"name":"West Parking","buildingName":"Outside","fid":0,"x":-30,"y":20,"cat":6,"eids":[3],"add":null},{"id":5,"name":"Food Court Patio","buildingName":"Outside","fid":0,"x":30,"y":40,"cat":7,"eids":[4,36],"add":null}],"edges":[{"id":5,"nid1":6,"nid2":8,"dist":5.0,"add":null},{"id":6,"nid1":8,"nid2":7,"dist":10.0,"add":null},{"id":7,"nid1":7,"nid2":9,"dist":10.0,"add":null},{"id":8,"nid1":7,"nid2":10,"dist":5.0,"add":null},{"id":9,"nid1":8,"nid2":11,"dist":7.071068,"add":null},{"id":10,"nid1":9,"nid2":12,"dist":7.071068,"add":null},{"id":11,"nid1":7,"nid2":13,"dist":0.0,"add":null},{"id":12,"nid1":9,"nid2":14,"dist":5.0,"add":null},{"id":13,"nid1":6,"nid2":0,"dist":1.0,"add":null},{"id":14,"nid1":13,"nid2":16,"dist":1.0,"add":null},{"id":15,"nid1":15,"nid2":17,"dist":10.0,"add":null},{"id":16,"nid1":15,"nid2":18,"dist":10.0,"add":null},{"id":17,"nid1":15,"nid2":19,"dist":5.0,"add":null},{"id":18,"nid1":17,"nid2":20,"dist":7.071068,"add":null},{"id":19,"nid1":18,"nid2":21,"dist":7.071068,"add":null},{"id":20,"nid1":18,"nid2":22,"dist":5.0,"add":null},{"id":21,"nid1":18,"nid2":23,"dist":5.0,"add":null},{"id":22,"nid1":15,"nid2":16,"dist":0.0,"add":null},{"id":23,"nid1":16,"nid2":25,"dist":1.0,"add":null},{"id":24,"nid1":24,"nid2":26,"dist":5.0,"add":null},{"id":25,"nid1":24,"nid2":27,"dist":5.0,"add":null},{"id":26,"nid1":24,"nid2":28,"dist":10.0,"add":null},{"id":27,"nid1":24,"nid2":25,"dist":0.0,"add":null},{"id":28,"nid1":24,"nid2":29,"dist":10.0,"add":null},{"id":29,"nid1":30,"nid2":31,"dist":7.071068,"add":null},{"id":30,"nid1":31,"nid2":32,"dist":7.071068,"add":null},{"id":31,"nid1":31,"nid2":33,"dist":5.0,"add":null},{"id":32,"nid1":31,"nid2":34,"dist":7.071068,"add":null},{"id":33,"nid1":31,"nid2":35,"dist":5.0,"add":null},{"id":34,"nid1":31,"nid2":36,"dist":10.0,"add":null},{"id":35,"nid1":30,"nid2":14,"dist":1.0,"add":null},{"id":36,"nid1":36,"nid2":5,"dist":1.0,"add":null},{"id":37,"nid1":35,"nid2":38,"dist":1.0,"add":null},{"id":38,"nid1":37,"nid2":38,"dist":5.0,"add":null},{"id":39,"nid1":38,"nid2":39,"dist":5.0,"add":null},{"id":40,"nid1":38,"nid2":40,"dist":7.071068,"add":null},{"id":41,"nid1":37,"nid2":23,"dist":1.0,"add":null},{"id":42,"nid1":41,"nid2":42,"dist":7.071068,"add":null},{"id":43,"nid1":42,"nid2":43,"dist":5.0,"add":null},{"id":44,"nid1":41,"nid2":44,"dist":5.0,"add":null},{"id":45,"nid1":41,"nid2":3,"dist":1.0,"add":null},{"id":46,"nid1":44,"nid2":45,"dist":1.0,"add":null},{"id":47,"nid1":45,"nid2":46,"dist":5.0,"add":null},{"id":48,"nid1":46,"nid2":47,"dist":5.0,"add":null},{"id":49,"nid1":45,"nid2":48,"dist":1.0,"add":null},{"id":50,"nid1":48,"nid2":49,"dist":11.18034,"add":null},{"id":51,"nid1":48,"nid2":50,"dist":5.0,"add":null},{"id":52,"nid1":50,"nid2":51,"dist":5.0,"add":null},{"id":53,"nid1":49,"nid2":29,"dist":1.0,"add":null},{"id":0,"nid1":1,"nid2":0,"dist":10.0,"add":null},{"id":1,"nid1":0,"nid2":2,"dist":50.0,"add":null},{"id":2,"nid1":0,"nid2":3,"dist":50.0,"add":null},{"id":3,"nid1":0,"nid2":4,"dist":36.05551,"add":null},{"id":4,"nid1":2,"nid2":5,"dist":31.622776,"add":null}],"categories":[{"name":"Entrance"},{"name":"Exit"},{"name":"Store"},{"name":"Escalator"},{"name":"Corridor"},{"name":"Connector"},{"name":"Parking"},{"name":"Plaza"}]}}