{"mapName":"Demo Map","mapVersion":"1.0.0","mapData":{"buildings":[{"name":"Outside","floors":[{"id":0,"level":0,"floorPlan":"./OutsideFloorPlan.jpeg","nids":[0,1,2]}]},{"name":"B1","floors":[{"id":0,"level":0,"floorPlan":"./B1F0FloorPlan.jpeg","nids":[3,4,5,6,7,8,9,10,11,12,13,14,15,16,17,18,19,20,21,22]},{"id":1,"level":1,"floorPlan":"./B1F1FloorPlan.jpeg","nids":[23,24,25,26,27,28,29,30,31,32,33,34]}]}],"nodes":[{"id":0,"name":"B1 Entrance","buildingName":"Outside","fid":0,"x":1237,"y":415,"cat":0,"eids":[0],"add":null},{"id":1,"name":"Walkway 1","buildingName":"Outside","fid":0,"x":1000,"y":415,"cat":5,"eids":[0,1],"add":null},{"id":2,"name":"Walkway 2","buildingName":"Outside","fid":0,"x":1000,"y":702,"cat":5,"eids":[1],"add":null},{"id":3,"name":"B1 Exit","buildingName":"B1","fid":0,"x":51,"y":702,"cat":1,"eids":[2,3,4],"add":null},{"id":4,"name":"F0 Hallway 1","buildingName":"B1","fid":0,"x":349,"y":702,"cat":4,"eids":[2,5,13],"add":null},{"id":5,"name":"F0 Hallway 2","buildingName":"B1","fid":0,"x":345,"y":466,"cat":4,"eids":[3,5,6],"add":null},{"id":6,"name":"F0 Hallway 3","buildingName":"B1","fid":0,"x":937,"y":466,"cat":4,"eids":[6,7,10],"add":null},{"id":7,"name":"F0 Hallway 4","buildingName":"B1","fid":0,"x":1409,"y":466,"cat":4,"eids":[7,8,9,11,21],"add":null},{"id":8,"name":"F0 Hallway 5","buildingName":"B1","fid":0,"x":1645,"y":466,"cat":4,"eids":[8,12],"add":null},{"id":9,"name":"F0 Hallway 6","buildingName":"B1","fid":0,"x":1409,"y":288,"cat":4,"eids":[9],"add":null},{"id":10,"name":"F0 Hallway 7","buildingName":"B1","fid":0,"x":937,"y":700,"cat":4,"eids":[10,17],"add":null},{"id":11,"name":"F0 Hallway 8","buildingName":"B1","fid":0,"x":1411,"y":700,"cat":4,"eids":[11,18,19],"add":null},{"id":12,"name":"F0 Hallway 9","buildingName":"B1","fid":0,"x":347,"y":940,"cat":4,"eids":[4,13,14],"add":null},{"id":13,"name":"F0 Hallway 10","buildingName":"B1","fid":0,"x":937,"y":936,"cat":4,"eids":[14,15,17],"add":null},{"id":14,"name":"F0 Hallway 11","buildingName":"B1","fid":0,"x":1409,"y":940,"cat":4,"eids":[15,16,18,22],"add":null},{"id":15,"name":"F0 Hallway 12","buildingName":"B1","fid":0,"x":1643,"y":934,"cat":4,"eids":[16,20],"add":null},{"id":16,"name":"Room 0","buildingName":"B1","fid":0,"x":467,"y":406,"cat":2,"eids":[],"add":null},{"id":17,"name":"Room 1","buildingName":"B1","fid":0,"x":877,"y":404,"cat":2,"eids":[],"add":null},{"id":18,"name":"Room 2","buildingName":"B1","fid":0,"x":1531,"y":290,"cat":2,"eids":[],"add":null},{"id":19,"name":"Room 3.1","buildingName":"B1","fid":0,"x":347,"y":1000,"cat":2,"eids":[],"add":null},{"id":20,"name":"Room 3.2","buildingName":"B1","fid":0,"x":937,"y":996,"cat":2,"eids":[],"add":null},{"id":21,"name":"Room 4","buildingName":"B1","fid":0,"x":1643,"y":1000,"cat":2,"eids":[],"add":null},{"id":22,"name":"Staircase F0","buildingName":"B1","fid":0,"x":1645,"y":710,"cat":3,"eids":[12,19,20,21,22],"add":null},{"id":23,"name":"F1 Hallway 1","buildingName":"B1","fid":1,"x":1541,"y":645,"cat":4,"eids":[23,24,31],"add":null},{"id":24,"name":"F1 Hallway 2","buildingName":"B1","fid":1,"x":1541,"y":1007,"cat":4,"eids":[24,25],"add":null},{"id":25,"name":"F1 Hallway 3","buildingName":"B1","fid":1,"x":1007,"y":1005,"cat":4,"eids":[25,26],"add":null},{"id":26,"name":"F1 Hallway 4","buildingName":"B1","fid":1,"x":1004,"y":645,"cat":4,"eids":[26,27,32],"add":null},{"id":27,"name":"F1 Hallway 5","buildingName":"B1","fid":1,"x":1007,"y":356,"cat":4,"eids":[27,28],"add":null},{"id":28,"name":"F1 Hallway 6","buildingName":"B1","fid":1,"x":502,"y":352,"cat":4,"eids":[28,29],"add":null},{"id":29,"name":"F1 Hallway 7","buildingName":"B1","fid":1,"x":235,"y":999,"cat":4,"eids":[29,30],"add":null},{"id":30,"name":"F1 Hallway 8","buildingName":"B1","fid":1,"x":502,"y":352,"cat":4,"eids":[30,33],"add":null},{"id":31,"name":"Staircase F1","buildingName":"B1","fid":1,"x":1718,"y":645,"cat":3,"eids":[23],"add":null},{"id":32,"name":"Room F1 0","buildingName":"B1","fid":1,"x":1421,"y":706,"cat":2,"eids":[31],"add":null},{"id":33,"name":"Room F1 1","buildingName":"B1","fid":1,"x":884,"y":651,"cat":2,"eids":[32],"add":null},{"id":34,"name":"Room F1 2","buildingName":"B1","fid":1,"x":233,"y":877,"cat":2,"eids":[33],"add":null}],"edges":[{"id":0,"nid1":0,"nid2":1,"dist":237.0,"add":null},{"id":1,"nid1":1,"nid2":2,"dist":287.0,"add":null},{"id":2,"nid1":3,"nid2":4,"dist":298.0,"add":null},{"id":3,"nid1":3,"nid2":5,"dist":377.00397,"add":null},{"id":4,"nid1":3,"nid2":12,"dist":379.81573,"add":null},{"id":5,"nid1":4,"nid2":5,"dist":236.03389,"add":null},{"id":6,"nid1":5,"nid2":6,"dist":592.0,"add":null},{"id":7,"nid1":6,"nid2":7,"dist":472.0,"add":null},{"id":8,"nid1":7,"nid2":8,"dist":236.0,"add":null},{"id":9,"nid1":7,"nid2":9,"dist":178.0,"add":null},{"id":10,"nid1":6,"nid2":10,"dist":234.0,"add":null},{"id":11,"nid1":7,"nid2":11,"dist":234.00854,"add":null},{"id":12,"nid1":8,"nid2":22,"dist":244.0,"add":null},{"id":13,"nid1":4,"nid2":12,"dist":238.0084,"add":null},{"id":14,"nid1":12,"nid2":13,"dist":590.01355,"add":null},{"id":15,"nid1":13,"nid2":14,"dist":472.01694,"add":null},{"id":16,"nid1":14,"nid2":15,"dist":234.0769,"add":null},{"id":17,"nid1":10,"nid2":13,"dist":236.0,"add":null},{"id":18,"nid1":11,"nid2":14,"dist":240.00833,"add":null},{"id":19,"nid1":11,"nid2":22,"dist":234.21358,"add":null},{"id":20,"nid1":15,"nid2":22,"dist":224.00893,"add":null},{"id":21,"nid1":7,"nid2":22,"dist":339.4584,"add":null},{"id":22,"nid1":14,"nid2":22,"dist":329.53906,"add":null},{"id":23,"nid1":23,"nid2":31,"dist":177.0,"add":null},{"id":24,"nid1":23,"nid2":24,"dist":362.0,"add":null},{"id":25,"nid1":24,"nid2":25,"dist":534.0037,"add":null},{"id":26,"nid1":25,"nid2":26,"dist":360.0125,"add":null},{"id":27,"nid1":26,"nid2":27,"dist":289.01556,"add":null},{"id":28,"nid1":27,"nid2":28,"dist":505.01584,"add":null},{"id":29,"nid1":28,"nid2":29,"dist":699.9271,"add":null},{"id":30,"nid1":29,"nid2":30,"dist":699.9271,"add":null},{"id":31,"nid1":23,"nid2":32,"dist":134.61426,"add":null},{"id":32,"nid1":26,"nid2":33,"dist":120.14991,"add":null},{"id":33,"nid1":30,"nid2":34,"dist":589.9034,"add":null}],"categories":[{"name":"Entrance"},{"name":"Exit"},{"name":"Room"},{"name":"Staircase"},{"name":"Hallway"},{"name":"Walkway"}]}}