{"mapName":"City Hospital","mapVersion":"2.1.0","mapData":{"buildings":[{"name":"Main Hospital","floors":[{"id":0,"level":-1,"floorPlan":"","nids":[4,5,6,7,8]},{"id":1,"level":1,"floorPlan":"./pexels-anete-lusina-4792483.jpg","nids":[9,10,11,12,13,14]},{"id":2,"level":2,"floorPlan":"./pexels-marina-zvada-844583049-34573691.jpg","nids":[15,16,17,18,19]},{"id":3,"level":3,"floorPlan":"","nids":[20,21,22,23]}]},{"name":"Medical Center","floors":[{"id":0,"level":1,"floorPlan":"","nids":[24,25,26,27]},{"id":1,"level":2,"floorPlan":"","nids":[28,29,30,31]},{"id":2,"level":3,"floorPlan":"","nids":[32,33,34,35]}]}],"nodes":[{"id":4,"name":"Basement Entrance","buildingName":"Main Hospital","fid":0,"x":5,"y":-5,"cat":0,"eids":[3,6],"add":null},{"id":5,"name":"Morgue","buildingName":"Main Hospital","fid":0,"x":10,"y":-5,"cat":2,"eids":[3,4],"add":null},{"id":6,"name":"Storage","buildingName":"Main Hospital","fid":0,"x":15,"y":-5,"cat":2,"eids":[4,5],"add":null},{"id":7,"name":"Mechanical Room","buildingName":"Main Hospital","fid":0,"x":20,"y":-5,"cat":2,"eids":[5],"add":null},{"id":8,"name":"Basement Elevator","buildingName":"Main Hospital","fid":0,"x":20,"y":0,"cat":3,"eids":[6,14],"add":null},{"id":9,"name":"Main Lobby","buildingName":"Main Hospital","fid":1,"x":5,"y":5,"cat":0,"eids":[7,8,12],"add":null},{"id":10,"name":"Reception","buildingName":"Main Hospital","fid":1,"x":10,"y":5,"cat":4,"eids":[7,9,10,11],"add":null},{"id":11,"name":"Emergency Room","buildingName":"Main Hospital","fid":1,"x":-5,"y":5,"cat":2,"eids":[8,13],"add":null},{"id":12,"name":"Radiology","buildingName":"Main Hospital","fid":1,"x":15,"y":10,"cat":2,"eids":[9],"add":null},{"id":13,"name":"Pharmacy","buildingName":"Main Hospital","fid":1,"x":10,"y":15,"cat":2,"eids":[10],"add":null},{"id":14,"name":"Main Elevator F1","buildingName":"Main Hospital","fid":1,"x":20,"y":5,"cat":3,"eids":[14,11,15],"add":null},{"id":15,"name":"Main Elevator F2","buildingName":"Main Hospital","fid":2,"x":20,"y":5,"cat":3,"eids":[15,16,17,19,20],"add":null},{"id":16,"name":"Surgery Wing","buildingName":"Main Hospital","fid":2,"x":15,"y":10,"cat":2,"eids":[16],"add":null},{"id":17,"name":"ICU","buildingName":"Main Hospital","fid":2,"x":25,"y":10,"cat":2,"eids":[17,18],"add":null},{"id":18,"name":"Recovery Room","buildingName":"Main Hospital","fid":2,"x":20,"y":15,"cat":2,"eids":[18],"add":null},{"id":19,"name":"Bridge to Medical Center","buildingName":"Main Hospital","fid":2,"x":30,"y":10,"cat":5,"eids":[19,31],"add":null},{"id":20,"name":"Main Elevator F3","buildingName":"Main Hospital","fid":3,"x":20,"y":5,"cat":3,"eids":[20,21,22,23],"add":null},{"id":21,"name":"Cardiology","buildingName":"Main Hospital","fid":3,"x":15,"y":10,"cat":2,"eids":[21],"add":null},{"id":22,"name":"Neurology","buildingName":"Main Hospital","fid":3,"x":25,"y":10,"cat":2,"eids":[22],"add":null},{"id":23,"name":"Patient Rooms 301-310","buildingName":"Main Hospital","fid":3,"x":20,"y":15,"cat":2,"eids":[23],"add":null},{"id":24,"name":"Med Center Entrance","buildingName":"Medical Center","fid":0,"x":40,"y":5,"cat":0,"eids":[24],"add":null},{"id":25,"name":"Outpatient Clinic","buildingName":"Medical Center","fid":0,"x":45,"y":10,"cat":2,"eids":[24,25,26],"add":null},{"id":26,"name":"Lab Services","buildingName":"Medical Center","fid":0,"x":50,"y":10,"cat":2,"eids":[25],"add":null},{"id":27,"name":"Med Center Elevator F1","buildingName":"Medical Center","fid":0,"x":55,"y":5,"cat":3,"eids":[26,27],"add":null},{"id":28,"name":"Med Center Elevator F2","buildingName":"Medical Center","fid":1,"x":55,"y":5,"cat":3,"eids":[27,28,29,30,32],"add":null},{"id":29,"name":"Physical Therapy","buildingName":"Medical Center","fid":1,"x":50,"y":10,"cat":2,"eids":[28],"add":null},{"id":30,"name":"Occupational Therapy","buildingName":"Medical Center","fid":1,"x":60,"y":10,"cat":2,"eids":[29],"add":null},{"id":31,"name":"Bridge from Main Hospital","buildingName":"Medical Center","fid":1,"x":40,"y":10,"cat":5,"eids":[30,31],"add":null},{"id":32,"name":"Med Center Elevator F3","buildingName":"Medical Center","fid":2,"x":55,"y":5,"cat":3,"eids":[32,33,34,35],"add":null},{"id":33,"name":"Research Lab","buildingName":"Medical Center","fid":2,"x":50,"y":10,"cat":2,"eids":[33],"add":null},{"id":34,"name":"Conference Room","buildingName":"Medical Center","fid":2,"x":60,"y":10,"cat":2,"eids":[34],"add":null},{"id":35,"name":"Admin Offices","buildingName":"Medical Center","fid":2,"x":55,"y":15,"cat":2,"eids":[35],"add":null},{"id":0,"name":"Main Hospital Entrance","buildingName":"Outside","fid":0,"x":0,"y":0,"cat":0,"eids":[0,2,12],"add":null},{"id":1,"name":"Emergency Entrance","buildingName":"Outside","fid":0,"x":-10,"y":5,"cat":6,"eids":[0,1,13],"add":null},{"id":2,"name":"Ambulance Bay","buildingName":"Outside","fid":0,"x":-15,"y":10,"cat":6,"eids":[1],"add":null},{"id":3,"name":"Visitor Parking","buildingName":"Outside","fid":0,"x":10,"y":-10,"cat":0,"eids":[2],"add":null}],"edges":[{"id":3,"nid1":4,"nid2":5,"dist":5.0,"add":null},{"id":4,"nid1":5,"nid2":6,"dist":5.0,"add":null},{"id":5,"nid1":6,"nid2":7,"dist":5.0,"add":null},{"id":6,"nid1":4,"nid2":8,"dist":15.811388,"add":null},{"id":14,"nid1":8,"nid2":14,"dist":1.0,"add":null},{"id":7,"nid1":9,"nid2":10,"dist":5.0,"add":null},{"id":8,"nid1":9,"nid2":11,"dist":10.0,"add":null},{"id":9,"nid1":10,"nid2":12,"dist":7.071068,"add":null},{"id":10,"nid1":10,"nid2":13,"dist":10.0,"add":null},{"id":11,"nid1":10,"nid2":14,"dist":10.0,"add":null},{"id":12,"nid1":9,"nid2":0,"dist":1.0,"add":null},{"id":13,"nid1":11,"nid2":1,"dist":1.0,"add":null},{"id":15,"nid1":14,"nid2":15,"dist":1.0,"add":null},{"id":16,"nid1":15,"nid2":16,"dist":7.071068,"add":null},{"id":17,"nid1":15,"nid2":17,"dist":7.071068,"add":null},{"id":18,"nid1":17,"nid2":18,"dist":7.071068,"add":null},{"id":19,"nid1":15,"nid2":19,"dist":11.18034,"add":null},{"id":20,"nid1":15,"nid2":20,"dist":1.0,"add":null},{"id":21,"nid1":20,"nid2":21,"dist":7.071068,"add":null},{"id":22,"nid1":20,"nid2":22,"dist":7.071068,"add":null},{"id":23,"nid1":20,"nid2":23,"dist":10.0,"add":null},{"id":24,"nid1":24,"nid2":25,"dist":7.071068,"add":null},{"id":25,"nid1":25,"nid2":26,"dist":5.0,"add":null},{"id":26,"nid1":25,"nid2":27,"dist":11.18034,"add":null},{"id":27,"nid1":27,"nid2":28,"dist":1.0,"add":null},{"id":28,"nid1":28,"nid2":29,"dist":7.071068,"add":null},{"id":29,"nid1":28,"nid2":30,"dist":7.071068,"add":null},{"id":30,"nid1":28,"nid2":31,"dist":15.811388,"add":null},{"id":31,"nid1":31,"nid2":19,"dist":1.0,"add":null},{"id":32,"nid1":28,"nid2":32,"dist":1.0,"add":null},{"id":33,"nid1":32,"nid2":33,"dist":7.071068,"add":null},{"id":34,"nid1":32,"nid2":34,"dist":7.071068,"add":null},{"id":35,"nid1":32,"nid2":35,"dist":10.0,"add":null},{"id":0,"nid1":0,"nid2":1,"dist":11.18034,"add":null},{"id":1,"nid1":1,"nid2":2,"dist":7.071068,"add":null},{"id":2,"nid1":0,"nid2":3,"dist":14.142136,"add":null}],"categories":[{"name":"Entrance"},{"name":"Exit"},{"name":"Department"},{"name":"Elevator"},{"name":"Hallway"},{"name":"Bridge"},{"name":"Emergency"}]}}